{
  "token_acc":1.0,
  "token_p":1.0,
  "token_r":1.0,
  "token_f":1.0,
  "cats_score":0.2362635647,
  "cats_score_desc":"macro F",
  "cats_micro_p":0.4544244844,
  "cats_micro_r":0.4544244844,
  "cats_micro_f":0.4544244844,
  "cats_macro_p":0.3229335931,
  "cats_macro_r":0.2260216304,
  "cats_macro_f":0.2362635647,
  "cats_macro_auc":0.5792037575,
  "cats_f_per_type":{
    "pop":{
      "p":0.4647619048,
      "r":0.675900277,
      "f":0.5507900677
    },
    "rock":{
      "p":0.5153933865,
      "r":0.4079422383,
      "f":0.4554156171
    },
    "country":{
      "p":0.3971119134,
      "r":0.4089219331,
      "f":0.4029304029
    },
    "folk":{
      "p":0.5,
      "r":0.1052631579,
      "f":0.1739130435
    },
    "jazz":{
      "p":0.1363636364,
      "r":0.18,
      "f":0.1551724138
    },
    "hip hop":{
      "p":0.4,
      "r":0.0212765957,
      "f":0.0404040404
    },
    "rap":{
      "p":0.0,
      "r":0.0,
      "f":0.0
    },
    "soul":{
      "p":0.2142857143,
      "r":0.0849056604,
      "f":0.1216216216
    },
    "blues":{
      "p":0.4096385542,
      "r":0.2463768116,
      "f":0.3076923077
    },
    "metal":{
      "p":0.1917808219,
      "r":0.1296296296,
      "f":0.1546961326
    }
  },
  "cats_auc_per_type":{
    "pop":0.6650881178,
    "rock":0.6482574285,
    "country":0.8347959193,
    "folk":0.6352940133,
    "jazz":0.6856698241,
    "hip hop":0.1740121581,
    "rap":0.2124805166,
    "soul":0.5610426155,
    "blues":0.7108725972,
    "metal":0.6645243846
  },
  "speed":302553.7569213954
}