{
  "lang":"en",
  "name":"pipeline",
  "version":"0.0.0",
  "spacy_version":">=3.5.1,<3.6.0",
  "description":"",
  "author":"",
  "email":"",
  "url":"",
  "license":"",
  "spacy_git_version":"8153bd573",
  "vectors":{
    "width":0,
    "vectors":0,
    "keys":0,
    "name":null,
    "mode":"default"
  },
  "labels":{
    "textcat":[
      "pop",
      "rock",
      "country",
      "folk",
      "jazz",
      "hip hop",
      "rap",
      "soul",
      "blues",
      "metal"
    ]
  },
  "pipeline":[
    "textcat"
  ],
  "components":[
    "textcat"
  ],
  "disabled":[

  ],
  "performance":{
    "cats_score":0.25833798,
    "cats_score_desc":"macro F",
    "cats_micro_p":0.4763805722,
    "cats_micro_r":0.4763805722,
    "cats_micro_f":0.4763805722,
    "cats_macro_p":0.4188388364,
    "cats_macro_r":0.2582585295,
    "cats_macro_f":0.25833798,
    "cats_macro_auc":0.6131296322,
    "cats_f_per_type":{
      "pop":{
        "p":0.4822335025,
        "r":0.644379845,
        "f":0.5516383243
      },
      "rock":{
        "p":0.5664488017,
        "r":0.4618117229,
        "f":0.5088062622
      },
      "country":{
        "p":0.4516971279,
        "r":0.5356037152,
        "f":0.4900849858
      },
      "folk":{
        "p":1.0,
        "r":0.1,
        "f":0.1818181818
      },
      "jazz":{
        "p":0.1648351648,
        "r":0.2272727273,
        "f":0.1910828025
      },
      "hip hop":{
        "p":0.4666666667,
        "r":0.0654205607,
        "f":0.1147540984
      },
      "rap":{
        "p":0.0,
        "r":0.0,
        "f":0.0
      },
      "soul":{
        "p":0.6086956522,
        "r":0.137254902,
        "f":0.224
      },
      "blues":{
        "p":0.1515151515,
        "r":0.3424657534,
        "f":0.2100840336
      },
      "metal":{
        "p":0.2962962963,
        "r":0.0683760684,
        "f":0.1111111111
      }
    },
    "textcat_loss":15.1807990084
  }
}