{
  "lang":"en",
  "name":"pipeline",
  "version":"0.0.0",
  "spacy_version":">=3.5.1,<3.6.0",
  "description":"",
  "author":"",
  "email":"",
  "url":"",
  "license":"",
  "spacy_git_version":"8153bd573",
  "vectors":{
    "width":0,
    "vectors":0,
    "keys":0,
    "name":null,
    "mode":"default"
  },
  "labels":{
    "textcat":[
      "pop",
      "rock",
      "country",
      "folk",
      "jazz",
      "hip hop",
      "rap",
      "soul",
      "blues",
      "metal"
    ]
  },
  "pipeline":[
    "textcat"
  ],
  "components":[
    "textcat"
  ],
  "disabled":[

  ],
  "performance":{
    "cats_score":0.2799898573,
    "cats_score_desc":"macro F",
    "cats_micro_p":0.494011976,
    "cats_micro_r":0.494011976,
    "cats_micro_f":0.494011976,
    "cats_macro_p":0.4469917345,
    "cats_macro_r":0.2595760256,
    "cats_macro_f":0.2799898573,
    "cats_macro_auc":0.6035553714,
    "cats_f_per_type":{
      "pop":{
        "p":0.4645669291,
        "r":0.6860465116,
        "f":0.5539906103
      },
      "rock":{
        "p":0.5947712418,
        "r":0.4849023091,
        "f":0.5342465753
      },
      "country":{
        "p":0.4764890282,
        "r":0.4705882353,
        "f":0.4735202492
      },
      "folk":{
        "p":0.75,
        "r":0.12,
        "f":0.2068965517
      },
      "jazz":{
        "p":0.2173913043,
        "r":0.2272727273,
        "f":0.2222222222
      },
      "hip hop":{
        "p":0.8571428571,
        "r":0.0560747664,
        "f":0.1052631579
      },
      "rap":{
        "p":0.0,
        "r":0.0,
        "f":0.0
      },
      "soul":{
        "p":0.5357142857,
        "r":0.1470588235,
        "f":0.2307692308
      },
      "blues":{
        "p":0.3035714286,
        "r":0.2328767123,
        "f":0.2635658915
      },
      "metal":{
        "p":0.2702702703,
        "r":0.1709401709,
        "f":0.2094240838
      }
    },
    "textcat_loss":13.8937204095
  }
}